ps_code,special_audit_criteria
1812180-01,recount
1813193-02,recount
1810124-01,recount
1810124-02,recount
1805245-01,recount
1705084-02,recount
1713178-03,recount
1102057-01,recount
1110206-03,recount
2201007-02,recount
2201033-05,recount
2201033-06,recount
2206136-02,recount
2207138-05,recount
2207141-04,recount
2207144-08,recount
2207145-01,recount
2207145-06,recount
2207145-07,recount
2908168-10,recount
2908168-12,recount
2908169-09,recount
2908169-17,recount
2907135-02,recount
2901006-02,recount
0101057-05,recount
0104428-07,recount
0103411-07,recount
0103411-09,recount
0101070-09,recount
0114524-08,recount
0114530-04,recount
0107460-07,recount
0107460-08,recount
0107461-06,recount
0107466-08,recount
0107466-09,recount
0101366-16,recount
0101367-13,recount
0101367-14,recount
0101115-12,recount
0102383-08,recount
0101252-02,recount
0104425-13,recount
0115546-06,recount
0101286-05,recount
2704081-04,recount
2704085-01,recount
2704085-04,recount
2704088-03,recount
2704088-06,recount
2705091-09,recount
2705091-11,recount
2701004-12,recount
2701005-13,recount
2701014-11,recount
2701017-12,recount
2701021-01,recount
2701021-02,recount
2701021-03,recount
2701021-04,recount
2701021-09,recount
2701021-11,recount
2701021-13,recount
2701021-16,recount
2701021-17,recount
2701021-21,recount
2705092-05,recount
2705093-01,recount
2705094-05,recount
2705095-03,recount
2705096-04,recount
2705097-04,recount
2705098-02,recount
2705098-05,recount
2705098-09,recount
2705099-04,recount
2705100-01,recount
2705100-10,recount
2701022-18,recount
2701023-17,recount
2701026-01,recount
2701026-03,recount
2701026-04,recount
2701027-18,recount
2701030-01,recount
2705103-03,recount
2711156-05,recount
2711159-03,recount
2711160-04,recount
2711161-01,recount
2711161-03,recount
2711161-04,recount
2711161-10,recount
2711162-03,recount
2711162-04,recount
2711162-05,recount
2711162-06,recount
2711162-09,recount
2711162-10,recount
2711163-03,recount
2711163-05,recount
2711163-07,recount
2701035-01,recount
2701033-03,recount
2701033-11,recount
2701033-30,recount
2701034-01,recount
2701034-02,recount
2701034-14,recount
2701034-22,recount
2702041-03,recount
2702042-04,recount
2702043-02,recount
2702043-05,recount
2702044-01,recount
2702044-03,recount
2702044-04,recount
2702045-01,recount
2702045-02,recount
2702045-03,recount
2702047-02,recount
2702047-03,recount
2702050-01,recount
2702051-02,recount
2702051-03,recount
2702052-01,recount
2702054-01,recount
2702054-02,recount
2702054-03,recount
2702054-04,recount
2711165-07,recount
2711166-01,recount
2711166-09,recount
2711166-11,recount
2711166-15,recount
2711166-16,recount
2711167-05,recount
2711168-02,recount
2711168-13,recount
2711168-15,recount
2711169-02,recount
2711169-03,recount
2711169-05,recount
2711169-06,recount
2711169-07,recount
2711170-01,recount
2711170-03,recount
2711171-03,recount
2711172-07,recount
2711172-08,recount
2711172-10,recount
2711172-11,recount
2711172-12,recount
2711173-02,recount
2711173-03,recount
2711174-03,recount
2711174-04,recount
2711174-09,recount
2711175-03,recount
2711175-10,recount
2711176-02,recount
2711178-09,recount
2711181-03,recount
2713189-01,recount
2713189-04,recount
2717206-03,recount
2717209-07,recount
2717213-01,recount
2717215-07,recount
2718222-02,recount
2718223-03,recount
2702056-02,recount
2703061-01,recount
2703073-03,recount
2704077-01,recount
2704077-02,recount
2704079-01,recount
2704079-02,recount
2704079-03,recount
2704080-03,recount
2704080-04,recount
2704080-05,recount
2704080-06,recount
2704080-07,recount
0618390-03,recount
0622449-01,recount
0622451-06,recount
0603090-01,recount
0603091-04,recount
0603098-08,recount
0604104-03,recount
0604104-06,recount
0604105-03,recount
0604106-04,recount
0601003-01,recount
0601003-03,recount
0601003-04,recount
0601003-05,recount
0601003-06,recount
0601003-07,recount
0604109-04,recount
0604110-06,recount
0604112-02,recount
0604121-03,recount
0608193-04,recount
0608194-07,recount
0608194-09,recount
0608196-06,recount
0608198-04,recount
0608198-07,recount
0608200-07,recount
0608200-08,recount
0608200-13,recount
0608205-03,recount
0608209-05,recount
0608211-03,recount
0601013-06,recount
0611258-04,recount
0608215-04,recount
0608215-06,recount
0608217-04,recount
0608217-05,recount
0608218-05,recount
0608220-03,recount
0609235-04,recount
0609236-02,recount
0609236-05,recount
0611260-08,recount
0611264-03,recount
0611271-01,recount
0612274-04,recount
0612275-07,recount
0612281-06,recount
0612284-06,recount
0612284-07,recount
0612288-02,recount
0605145-02,recount
0606159-04,recount
0607178-02,recount
0607187-12,recount
0601023-01,recount
0603082-08,recount
0603083-04,recount
0603084-05,recount
0616368-06,recount
0616369-03,recount
0616370-09,recount
0616370-11,recount
0613296-06,recount
0614307-05,recount
0614317-04,recount
0614318-04,recount
0615329-06,recount
0615339-01,recount
0615348-06,recount
0616359-05,recount
0616360-04,recount
0616361-07,recount
0616363-02,recount
0616365-05,recount
0616365-06,recount
0616366-10,recount
0601040-06,recount
0602052-05,recount
0602056-07,recount
0602068-11,recount
0603079-02,recount
3001006-15,recount
3001010-03,recount
3001015-15,recount
3001010-14,recount
3001027-05,recount
3001027-08,recount
3002036-01,recount
3002041-03,recount
3002042-11,recount
3001018-14,recount
3001019-01,recount
3001020-19,recount
3003050-03,recount
3004092-17,recount
3004093-11,recount
3004093-12,recount
3006113-09,recount
3014217-01,recount
3005100-03,recount
3005100-06,recount
3003058-05,recount
3003064-06,recount
3003068-06,recount
3004086-04,recount
3004090-07,recount
3004090-11,recount
3004090-12,recount
3015236-01,recount
3015240-01,recount
3015240-02,recount
0501002-27,out_of_time
0501002-34,out_of_time
0501002-36,out_of_time
0501017-09,out_of_time
0501001-16,out_of_time
0505063-02,out_of_time
0501002-21,out_of_time
0504048-11,out_of_time
0501001-15,out_of_time
0501001-08,out_of_time
0504045-10,out_of_time
0507078-03,out_of_time
0507081-03,out_of_time
0507081-04,out_of_time
0501002-33,out_of_time
1116359-02,out_of_time
1114309-01,out_of_time
1101034-01,out_of_time
1114314-01,out_of_time
1114292-05,out_of_time
1114318-01,out_of_time
1114291-02,out_of_time
1116355-01,out_of_time
1101012-02,out_of_time
1101042-03,out_of_time
1101016-04,out_of_time
1114285-04,out_of_time
1114314-04,out_of_time
1108164-01,out_of_time
1116352-06,out_of_time
1110175-06,out_of_time
1116369-02,out_of_time
1114314-03,out_of_time
1715208-01,out_of_time
1704074-02,out_of_time
1710149-07,out_of_time
1715208-02,out_of_time
1709125-03,out_of_time
1704077-01,out_of_time
1723280-02,out_of_time
1713175-01,out_of_time
1715196-06,out_of_time
1712166-04,out_of_time
1701007-12,out_of_time
1705085-05,out_of_time
1701019-02,out_of_time
1722273-07,out_of_time
1707102-04,out_of_time
1707102-01,out_of_time
1709132-02,out_of_time
1515127-01,out_of_time
1507063-05,out_of_time
1503023-07,out_of_time
1502018-01,out_of_time
1501003-03,out_of_time
1515134-04,out_of_time
1510088-04,out_of_time
1501011-05,out_of_time
1504030-01,out_of_time
1502022-01,out_of_time
1515132-07,out_of_time
1504030-02,out_of_time
1510087-02,out_of_time
1507057-06,out_of_time
1501002-03,out_of_time
1510088-06,out_of_time
1505038-06,out_of_time
1507059-02,out_of_time
1501001-05,out_of_time
1504033-01,out_of_time
1510085-02,out_of_time
1510090-03,out_of_time
1505043-08,out_of_time
1502022-02,out_of_time
1510087-04,out_of_time
1506045-06,out_of_time
1506045-11,out_of_time
1507064-06,out_of_time
1515133-03,out_of_time
1510091-01,out_of_time
1608075-03,out_of_time
1606052-01,out_of_time
1606051-01,out_of_time
1601004-03,out_of_time
1601005-02,out_of_time
1608077-03,out_of_time
1601002-02,out_of_time
1601006-05,out_of_time
1602012-11,out_of_time
1606052-06,out_of_time
1608074-03,out_of_time
1310161-05,out_of_time
1310152-07,out_of_time
1301012-05,out_of_time
1307118-03,out_of_time
1301005-01,out_of_time
1301004-04,out_of_time
1305076-04,out_of_time
1301002-13,out_of_time
1303058-06,out_of_time
1302023-01,out_of_time
1311172-01,out_of_time
1301006-01,out_of_time
1301002-04,out_of_time
1301003-09,out_of_time
1302023-02,out_of_time
1301006-02,out_of_time
0701007-01,out_of_time
0702031-09,out_of_time
0702039-09,out_of_time
0702042-01,out_of_time
0701001-18,out_of_time
0701001-05,out_of_time
0702042-03,out_of_time
0702041-05,out_of_time
0701009-06,out_of_time
0701007-05,out_of_time
0702040-05,out_of_time
0701014-02,out_of_time
0701008-03,out_of_time
0701008-07,out_of_time
0701003-09,out_of_time
0701124-05,out_of_time
0701003-11,out_of_time
0701012-10,out_of_time
2201001-05,out_of_time
2201038-05,out_of_time
2206135-02,out_of_time
2201006-08,out_of_time
2207139-03,out_of_time
2201005-13,out_of_time
2207140-02,out_of_time
2201005-14,out_of_time
2201003-01,out_of_time
2205112-05,out_of_time
2201005-08,out_of_time
0801002-03,out_of_time
0807077-02,out_of_time
0808089-01,out_of_time
0802016-03,out_of_time
0804049-03,out_of_time
0805051-02,out_of_time
2501001-11,out_of_time
2502023-03,out_of_time
2503034-02,out_of_time
2501001-04,out_of_time
2501005-02,out_of_time
2503032-02,out_of_time
2901009-04,out_of_time
2902042-06,out_of_time
2901007-02,out_of_time
2901015-02,out_of_time
2901011-01,out_of_time
2914238-03,out_of_time
2901003-06,out_of_time
2913222-10,out_of_time
2913226-08,out_of_time
2913223-05,out_of_time
2901011-06,out_of_time
2913222-13,out_of_time
2901011-03,out_of_time
2901001-01,out_of_time
2901003-01,out_of_time
2901006-08,out_of_time
2901006-07,out_of_time
2901010-05,out_of_time
2901017-03,out_of_time
2308234-02,out_of_time
2307203-06,out_of_time
2301004-04,out_of_time
2307220-01,out_of_time
2307203-07,out_of_time
2308244-05,out_of_time
2301017-05,out_of_time
2301003-07,out_of_time
2308248-02,out_of_time
2308248-04,out_of_time
2308244-03,out_of_time
2309260-02,out_of_time
2301002-07,out_of_time
2301002-03,out_of_time
2307190-01,out_of_time
2307215-05,out_of_time
2307218-03,out_of_time
1005088-01,out_of_time
1008215-03,out_of_time
1001002-06,out_of_time
1005086-03,out_of_time
1006139-01,out_of_time
1001005-05,out_of_time
1001004-03,out_of_time
1001009-02,out_of_time
1001009-03,out_of_time
1008207-03,out_of_time
1001014-01,out_of_time
1001013-04,out_of_time
1005108-01,out_of_time
1006132-02,out_of_time
1001014-03,out_of_time
1001006-03,out_of_time
1005086-04,out_of_time
1001008-05,out_of_time
1004080-02,out_of_time
1006144-01,out_of_time
1005111-07,out_of_time
1001027-01,out_of_time
1801026-02,out_of_time
1813194-04,out_of_time
1801011-05,out_of_time
1810133-03,out_of_time
1805246-01,out_of_time
1801001-08,out_of_time
1810132-03,out_of_time
1801001-10,out_of_time
1810132-08,out_of_time
1806076-05,out_of_time
1801005-02,out_of_time
1801004-04,out_of_time
1814200-03,out_of_time
1801004-03,out_of_time
1814201-01,out_of_time
1801012-06,out_of_time
1810134-03,out_of_time
1801017-09,out_of_time
1801017-11,out_of_time
1903082-02,out_of_time
1901023-17,out_of_time
1903079-04,out_of_time
2005071-01,out_of_time
2001014-03,out_of_time
2001009-01,out_of_time
2007095-05,out_of_time
2001003-12,out_of_time
2001003-16,out_of_time
2004049-05,out_of_time
0911224-02,out_of_time
0904095-02,out_of_time
0901010-02,out_of_time
0905129-03,out_of_time
0906164-01,out_of_time
0913251-03,out_of_time
0906166-01,out_of_time
0911235-07,out_of_time
0913262-02,out_of_time
0908189-03,out_of_time
0907176-04,out_of_time
0915276-02,out_of_time
0907176-06,out_of_time
0915277-01,out_of_time
2801014-02,out_of_time
2801014-05,out_of_time
2801026-03,out_of_time
2801011-01,out_of_time
2801003-05,out_of_time
2801007-08,out_of_time
2801005-03,out_of_time
2801003-07,out_of_time
2801011-12,out_of_time
2802035-13,out_of_time
2801029-07,out_of_time
2801022-03,out_of_time
2801012-01,out_of_time
2801028-02,out_of_time
2801004-11,out_of_time
2801028-01,out_of_time
2801005-07,out_of_time
2801007-03,out_of_time
2801016-02,out_of_time
2801008-06,out_of_time
2801016-05,out_of_time
2802033-05,out_of_time
2801003-06,out_of_time
2602025-01,out_of_time
2603032-01,out_of_time
2602020-01,out_of_time
2601012-02,out_of_time
2601003-03,out_of_time
3102054-03,out_of_time
3101004-07,out_of_time
3102054-01,out_of_time
3101005-01,out_of_time
3401014-06,out_of_time
3404040-02,out_of_time
3401002-12,out_of_time
3401001-06,out_of_time
3402020-01,out_of_time
3401007-02,out_of_time
3401004-01,out_of_time
3403034-01,out_of_time
3402018-03,out_of_time
3401004-10,out_of_time
3403031-02,out_of_time
0204042-06,out_of_time
0201012-03,out_of_time
0202094-05,out_of_time
0202094-02,out_of_time
0204038-02,out_of_time
0204045-01,out_of_time
0201013-03,out_of_time
3301001-12,out_of_time
3301004-06,out_of_time
3301024-01,out_of_time
3301038-04,out_of_time
3301002-07,out_of_time
0301001-03,out_of_time
0302047-03,out_of_time
0302059-03,out_of_time
0305094-02,out_of_time
0301007-07,out_of_time
0307119-11,out_of_time
0302051-04,out_of_time
0301007-01,out_of_time
0301004-01,out_of_time
0304072-01,out_of_time
0301002-03,out_of_time
0302046-03,out_of_time
0304075-02,out_of_time
0301002-11,out_of_time
0301004-06,out_of_time
0302046-02,out_of_time
0304084-03,out_of_time
0306110-01,out_of_time
0302054-01,out_of_time
0305098-01,out_of_time
0409136-01,out_of_time
0406101-01,out_of_time
0407109-03,out_of_time
0409123-04,out_of_time
0401002-04,out_of_time
0409146-02,out_of_time
0409157-01,out_of_time
1208085-01,out_of_time
1201002-09,out_of_time
1202019-05,out_of_time
1208085-07,out_of_time
1201002-01,out_of_time
1201004-03,out_of_time
1202017-04,out_of_time
1217215-02,out_of_time
1208087-05,out_of_time
1218230-03,out_of_time
1203034-03,out_of_time
1211150-03,out_of_time
1218225-01,out_of_time
1203027-02,out_of_time
1201008-03,out_of_time
1402062-01,out_of_time
1402060-04,out_of_time
1401008-10,out_of_time
1401003-08,out_of_time
1413188-03,out_of_time
1401025-01,out_of_time
1404105-01,out_of_time
1402069-02,out_of_time
1413184-03,out_of_time
1413184-05,out_of_time
1402061-05,out_of_time
1401004-15,out_of_time
1403076-01,out_of_time
1402069-03,out_of_time
1402053-04,out_of_time
1403076-02,out_of_time
1402067-02,out_of_time
1408138-07,out_of_time
1401032-02,out_of_time
1402059-01,out_of_time
1402066-03,out_of_time
1401001-01,out_of_time
1402065-04,out_of_time
1401003-05,out_of_time
1401023-08,out_of_time
1401023-09,out_of_time
1401032-01,out_of_time
1401047-02,out_of_time
1401043-02,out_of_time
1401005-03,out_of_time
1401004-09,out_of_time
1413188-05,out_of_time
1401048-02,out_of_time
1413184-04,out_of_time
1408138-01,out_of_time
1401034-03,out_of_time
2405127-01,out_of_time
2408238-03,out_of_time
2401005-01,out_of_time
2406153-01,out_of_time
2402065-02,out_of_time
2409246-02,out_of_time
2407181-01,out_of_time
2401023-02,out_of_time
2401020-02,out_of_time
2404117-03,out_of_time
2401003-01,out_of_time
2405135-02,out_of_time
2401001-01,out_of_time
2407194-01,out_of_time
2402060-01,out_of_time
2401004-01,out_of_time
2401001-02,out_of_time
2408236-01,out_of_time
2407196-03,out_of_time
2401023-01,out_of_time
2404109-02,out_of_time
2407212-02,out_of_time
2407211-01,out_of_time
2408226-01,out_of_time
2406153-02,out_of_time
2401005-03,out_of_time
2409252-04,out_of_time
2402046-01,out_of_time
2404087-01,out_of_time
2407182-02,out_of_time
2408225-02,out_of_time
2407210-02,out_of_time
2404093-01,out_of_time
2402070-01,out_of_time
2406154-04,out_of_time
2409253-05,out_of_time
2407212-01,out_of_time
2406149-04,out_of_time
2701008-05,out_of_time
2701009-06,out_of_time
2701013-10,out_of_time
2701039-14,out_of_time
2701013-17,out_of_time
2701007-09,out_of_time
2701013-07,out_of_time
2701012-11,out_of_time
2701015-16,out_of_time
2701008-06,out_of_time
2701002-11,out_of_time
2705099-02,out_of_time
2701001-20,out_of_time
2701027-07,out_of_time
2701015-18,out_of_time
2701011-06,out_of_time
2701016-14,out_of_time
2701025-06,out_of_time
2701010-04,out_of_time
2701038-03,out_of_time
2701034-08,out_of_time
2701033-17,out_of_time
2701005-10,out_of_time
2701003-10,out_of_time
2701018-02,out_of_time
2701012-14,out_of_time
2701001-25,out_of_time
2701017-06,out_of_time
2701020-15,out_of_time
2701022-11,out_of_time
2701015-10,out_of_time
2701009-11,out_of_time
2718220-04,out_of_time
2701013-12,out_of_time
2701002-14,out_of_time
2701027-03,out_of_time
2701023-13,out_of_time
2703073-01,out_of_time
2705100-05,out_of_time
2701002-06,out_of_time
2717208-02,out_of_time
2701035-10,out_of_time
2701017-16,out_of_time
2703060-02,out_of_time
2701016-10,out_of_time
2701040-18,out_of_time
2701015-06,out_of_time
2701013-28,out_of_time
2701017-01,out_of_time
2701036-11,out_of_time
2701002-02,out_of_time
2701026-10,out_of_time
2701019-08,out_of_time
2701001-10,out_of_time
2701002-16,out_of_time
2701013-25,out_of_time
2704081-03,out_of_time
2710150-07,out_of_time
2701035-05,out_of_time
2701039-05,out_of_time
2711165-13,out_of_time
2701015-08,out_of_time
2701017-02,out_of_time
2701013-13,out_of_time
2701039-29,out_of_time
2701040-14,out_of_time
2701006-09,out_of_time
2701009-10,out_of_time
2701029-02,out_of_time
2701002-07,out_of_time
0101268-08,out_of_time
0101272-03,out_of_time
0101014-03,out_of_time
0101180-11,out_of_time
0101068-01,out_of_time
0101250-03,out_of_time
0101124-10,out_of_time
0101011-03,out_of_time
0101081-01,out_of_time
0101098-03,out_of_time
0101151-05,out_of_time
0101113-04,out_of_time
0103403-02,out_of_time
0101019-01,out_of_time
0101154-15,out_of_time
0102398-04,out_of_time
0101204-04,out_of_time
0112507-03,out_of_time
0103405-04,out_of_time
0101113-08,out_of_time
0101261-24,out_of_time
0101091-04,out_of_time
0101145-05,out_of_time
0101240-05,out_of_time
0101087-07,out_of_time
0101040-06,out_of_time
0112502-03,out_of_time
0101315-03,out_of_time
0102395-02,out_of_time
0102397-02,out_of_time
0101272-01,out_of_time
0101310-10,out_of_time
0101160-04,out_of_time
0101174-18,out_of_time
0101359-03,out_of_time
0101094-05,out_of_time
0101111-10,out_of_time
0101079-02,out_of_time
0108474-05,out_of_time
0101291-06,out_of_time
0101357-01,out_of_time
0101275-02,out_of_time
0101258-12,out_of_time
0101008-02,out_of_time
0105429-03,out_of_time
0101362-06,out_of_time
0101347-02,out_of_time
0101300-12,out_of_time
0101347-01,out_of_time
0101105-05,out_of_time
0101261-20,out_of_time
0101249-08,out_of_time
0101154-08,out_of_time
0112505-01,out_of_time
0101044-07,out_of_time
0101151-14,out_of_time
0101076-06,out_of_time
0101129-02,out_of_time
0101082-08,out_of_time
0103404-08,out_of_time
0101048-02,out_of_time
0101024-09,out_of_time
0101285-07,out_of_time
0101249-13,out_of_time
0101343-06,out_of_time
0101222-07,out_of_time
0101196-05,out_of_time
0101554-03,out_of_time
0101030-02,out_of_time
0104426-01,out_of_time
0104413-11,out_of_time
0104418-05,out_of_time
0101360-04,out_of_time
0101111-01,out_of_time
0101211-08,out_of_time
0101355-02,out_of_time
0101097-04,out_of_time
0101119-05,out_of_time
0101172-03,out_of_time
0101155-07,out_of_time
0101178-01,out_of_time
0101115-11,out_of_time
0101051-05,out_of_time
0112507-02,out_of_time
0101351-16,out_of_time
0101016-04,out_of_time
0101232-09,out_of_time
0105441-06,out_of_time
0101282-05,out_of_time
0101345-07,out_of_time
0101261-18,out_of_time
0101261-01,out_of_time
0101107-01,out_of_time
0101224-01,out_of_time
0101294-02,out_of_time
0101276-09,out_of_time
0101043-07,out_of_time
0101554-02,out_of_time
0101043-04,out_of_time
0101018-06,out_of_time
0103409-06,out_of_time
0101166-04,out_of_time
0101179-03,out_of_time
0101015-01,out_of_time
0101279-08,out_of_time
0101295-13,out_of_time
0108468-03,out_of_time
0101168-04,out_of_time
0101554-05,out_of_time
0103406-01,out_of_time
0101166-06,out_of_time
0101322-03,out_of_time
0101026-03,out_of_time
0101255-07,out_of_time
0101119-01,out_of_time
0101202-04,out_of_time
0101559-19,out_of_time
0102378-03,out_of_time
0101008-01,out_of_time
0101252-14,out_of_time
0101318-03,out_of_time
0101270-02,out_of_time
0101233-07,out_of_time
0101261-11,out_of_time
0101195-05,out_of_time
0101349-03,out_of_time
0101270-11,out_of_time
0101025-01,out_of_time
0101090-01,out_of_time
0101014-02,out_of_time
0102393-06,out_of_time
0105441-07,out_of_time
0101214-03,out_of_time
0101233-04,out_of_time
0113511-06,out_of_time
0101361-05,out_of_time
0101253-12,out_of_time
0102392-06,out_of_time
0101037-02,out_of_time
0101108-02,out_of_time
0101314-01,out_of_time
0101124-03,out_of_time
0101177-10,out_of_time
0103401-01,out_of_time
0101013-01,out_of_time
0102390-07,out_of_time
0104414-06,out_of_time
0101258-09,out_of_time
0102393-08,out_of_time
0101019-02,out_of_time
0108477-05,out_of_time
0101234-07,out_of_time
0101024-03,out_of_time
0101261-02,out_of_time
0101311-02,out_of_time
0101232-01,out_of_time
0105442-01,out_of_time
0112505-02,out_of_time
0101193-01,out_of_time
0101257-04,out_of_time
0112507-01,out_of_time
0101272-07,out_of_time
0101080-06,out_of_time
0101260-12,out_of_time
0101233-08,out_of_time
0112506-01,out_of_time
0101104-01,out_of_time
0101151-02,out_of_time
0101251-17,out_of_time
0102394-02,out_of_time
0105444-08,out_of_time
0101065-05,out_of_time
0101261-19,out_of_time
0101266-02,out_of_time
0101110-05,out_of_time
0101032-02,out_of_time
0101358-01,out_of_time
0101363-16,out_of_time
0104419-04,out_of_time
0101130-04,out_of_time
0101174-15,out_of_time
0101121-01,out_of_time
0101234-17,out_of_time
0101253-04,out_of_time
0101223-04,out_of_time
0101335-21,out_of_time
0101215-06,out_of_time
0101247-05,out_of_time
0101290-13,out_of_time
0101109-01,out_of_time
0101167-07,out_of_time
0101100-03,out_of_time
0101147-04,out_of_time
0101254-09,out_of_time
0101193-03,out_of_time
0101264-10,out_of_time
0101310-03,out_of_time
0101559-06,out_of_time
0101211-05,out_of_time
0101214-01,out_of_time
0101026-09,out_of_time
0101126-06,out_of_time
0101019-06,out_of_time
0101028-01,out_of_time
0101162-04,out_of_time
0101155-05,out_of_time
0110494-05,out_of_time
0101090-06,out_of_time
0101349-05,out_of_time
0101077-08,out_of_time
0101343-07,out_of_time
0101152-09,out_of_time
0101064-08,out_of_time
0101335-12,out_of_time
0101268-03,out_of_time
0101302-03,out_of_time
0101350-10,out_of_time
0101057-08,out_of_time
0101111-09,out_of_time
0101359-06,out_of_time
0101222-01,out_of_time
0101105-06,out_of_time
0101196-01,out_of_time
0101080-04,out_of_time
0101151-13,out_of_time
0101310-11,out_of_time
0101113-06,out_of_time
0101345-12,out_of_time
0101232-02,out_of_time
0102386-01,out_of_time
0101177-07,out_of_time
0101110-02,out_of_time
0101168-02,out_of_time
0101336-06,out_of_time
0113510-03,out_of_time
0101076-08,out_of_time
0101115-07,out_of_time
0101302-13,out_of_time
0101026-08,out_of_time
0101127-09,out_of_time
0101018-04,out_of_time
0101205-06,out_of_time
0101294-11,out_of_time
0103409-04,out_of_time
0101348-12,out_of_time
0101224-05,out_of_time
0101297-04,out_of_time
0101082-09,out_of_time
0101043-01,out_of_time
0101038-01,out_of_time
0101228-01,out_of_time
0101053-03,out_of_time
0101021-03,out_of_time
0101291-08,out_of_time
0105444-02,out_of_time
0101061-10,out_of_time
0103405-07,out_of_time
0101137-05,out_of_time
0101173-06,out_of_time
0114515-05,out_of_time
0101270-10,out_of_time
0101225-02,out_of_time
0101266-09,out_of_time
0101212-04,out_of_time
0103404-09,out_of_time
0102386-07,out_of_time
0101153-10,out_of_time
0101153-03,out_of_time
0101015-07,out_of_time
0101372-11,out_of_time
0101144-07,out_of_time
0101335-14,out_of_time
0104418-03,out_of_time
0101062-14,out_of_time
0101067-07,out_of_time
0101084-06,out_of_time
0101272-02,out_of_time
0101101-01,out_of_time
0101303-05,out_of_time
0105443-02,out_of_time
0101225-06,out_of_time
0101238-04,out_of_time
0101559-11,out_of_time
0101113-01,out_of_time
0101009-04,out_of_time
0101061-05,out_of_time
0101256-10,out_of_time
0101264-13,out_of_time
0103409-03,out_of_time
0101136-14,out_of_time
0104426-13,out_of_time
0101119-03,out_of_time
0112501-04,out_of_time
0101076-01,out_of_time
0101179-04,out_of_time
0601034-02,out_of_time
0601015-01,out_of_time
0603081-13,out_of_time
0601006-02,out_of_time
0601001-06,out_of_time
0606170-03,out_of_time
0607186-05,out_of_time
0603076-03,out_of_time
0609233-05,out_of_time
0618393-01,out_of_time
0601017-16,out_of_time
0601017-09,out_of_time
0614319-06,out_of_time
0601030-13,out_of_time
0610251-05,out_of_time
0605143-03,out_of_time
0601008-03,out_of_time
0601045-03,out_of_time
0605127-02,out_of_time
0601012-09,out_of_time
0602063-07,out_of_time
0602063-08,out_of_time
0603088-03,out_of_time
0602068-05,out_of_time
0602059-04,out_of_time
0602068-08,out_of_time
0612274-01,out_of_time
0613303-01,out_of_time
0613289-01,out_of_time
0609230-07,out_of_time
0605140-02,out_of_time
0602067-02,out_of_time
0603077-04,out_of_time
0607185-05,out_of_time
0611268-02,out_of_time
0603087-02,out_of_time
0607174-04,out_of_time
0601007-01,out_of_time
0601006-07,out_of_time
0601030-06,out_of_time
0602067-04,out_of_time
0605146-04,out_of_time
0602057-04,out_of_time
0603081-05,out_of_time
0612274-03,out_of_time
0602062-02,out_of_time
0602056-04,out_of_time
0605141-03,out_of_time
0602060-03,out_of_time
0602065-09,out_of_time
0603081-09,out_of_time
0617379-02,out_of_time
0601016-04,out_of_time
0605129-06,out_of_time
0601034-06,out_of_time
0602055-02,out_of_time
0601011-03,out_of_time
0601010-11,out_of_time
0601046-04,out_of_time
0603080-01,out_of_time
0602066-02,out_of_time
0602052-02,out_of_time
0601038-06,out_of_time
0605143-07,out_of_time
0605139-03,out_of_time
0601040-01,out_of_time
0602058-04,out_of_time
0607179-09,out_of_time
0602068-09,out_of_time
0613301-01,out_of_time
0601021-04,out_of_time
0613297-03,out_of_time
0601027-06,out_of_time
0603078-04,out_of_time
0603081-03,out_of_time
0603095-01,out_of_time
0606172-04,out_of_time
0602054-02,out_of_time
0617381-04,out_of_time
0622456-02,out_of_time
0602049-12,out_of_time
0602064-10,out_of_time
0602067-05,out_of_time
0601008-10,out_of_time
0615326-02,out_of_time
0602062-08,out_of_time
0601046-01,out_of_time
0617376-02,out_of_time
0617381-03,out_of_time
0601011-11,out_of_time
0601021-05,out_of_time
0601021-01,out_of_time
0602065-01,out_of_time
0603082-06,out_of_time
0602062-09,out_of_time
0601022-02,out_of_time
0602066-04,out_of_time
0602060-09,out_of_time
0617376-08,out_of_time
0618391-04,out_of_time
0603082-03,out_of_time
0605141-06,out_of_time
0618391-07,out_of_time
0601008-17,out_of_time
0601039-02,out_of_time
0602063-01,out_of_time
0602065-03,out_of_time
0602064-04,out_of_time
0606170-01,out_of_time
0601006-04,out_of_time
0601034-07,out_of_time
0617380-02,out_of_time
0618391-10,out_of_time
0603082-04,out_of_time
0601018-11,out_of_time
3201012-07,out_of_time
3203112-01,out_of_time
3201031-07,out_of_time
3201047-22,out_of_time
3211325-01,out_of_time
3211320-01,out_of_time
3201050-05,out_of_time
3201007-04,out_of_time
3201001-06,out_of_time
3201034-06,out_of_time
3202070-07,out_of_time
3201030-03,out_of_time
3201004-02,out_of_time
3201015-12,out_of_time
3202080-02,out_of_time
3202075-06,out_of_time
3201024-18,out_of_time
3201021-04,out_of_time
3202086-01,out_of_time
3201011-12,out_of_time
3207216-06,out_of_time
3201051-10,out_of_time
3201037-02,out_of_time
3201014-06,out_of_time
3205149-03,out_of_time
3201051-06,out_of_time
3201012-14,out_of_time
3201046-11,out_of_time
3202086-05,out_of_time
3201045-07,out_of_time
3201009-03,out_of_time
3202052-06,out_of_time
3201026-04,out_of_time
3204131-06,out_of_time
3201021-13,out_of_time
3201023-02,out_of_time
3201046-13,out_of_time
3202074-08,out_of_time
3201004-06,out_of_time
3202090-02,out_of_time
3201021-16,out_of_time
3203112-08,out_of_time
3202084-01,out_of_time
3202092-11,out_of_time
3204139-01,out_of_time
3201009-04,out_of_time
3207216-05,out_of_time
3201024-09,out_of_time
3201009-05,out_of_time
3201015-21,out_of_time
3202055-04,out_of_time
3201026-07,out_of_time
3201003-15,out_of_time
3202092-15,out_of_time
3207217-02,out_of_time
3201033-05,out_of_time
3201007-06,out_of_time
3205156-02,out_of_time
3201001-14,out_of_time
3201012-04,out_of_time
3201008-11,out_of_time
3202066-01,out_of_time
3202092-10,out_of_time
3203106-04,out_of_time
3201013-03,out_of_time
3201039-08,out_of_time
3202070-08,out_of_time
3201025-03,out_of_time
3201046-19,out_of_time
3203108-06,out_of_time
3201012-16,out_of_time
3202081-02,out_of_time
3201039-02,out_of_time
3201048-01,out_of_time
3201024-08,out_of_time
3201031-15,out_of_time
3201023-05,out_of_time
3206173-02,out_of_time
3201048-03,out_of_time
3201015-03,out_of_time
3201005-04,out_of_time
3201042-11,out_of_time
3201027-12,out_of_time
3201024-11,out_of_time
3201024-05,out_of_time
3202066-06,out_of_time
3201026-02,out_of_time
3201010-11,out_of_time
3201042-03,out_of_time
3201027-16,out_of_time
3201040-03,out_of_time
3211317-06,out_of_time
2113262-01,out_of_time
2101029-02,out_of_time
2101046-07,out_of_time
2101035-05,out_of_time
2101003-09,out_of_time
2110211-01,out_of_time
2101019-09,out_of_time
2101013-01,out_of_time
2101015-07,out_of_time
2101017-03,out_of_time
2101049-01,out_of_time
2101002-11,out_of_time
2102053-16,out_of_time
2101039-06,out_of_time
2102053-17,out_of_time
2101019-12,out_of_time
2113272-02,out_of_time
2103068-03,out_of_time
2101018-02,out_of_time
2101037-08,out_of_time
2101005-07,out_of_time
2101041-03,out_of_time
2101031-19,out_of_time
2101022-06,out_of_time
2101031-17,out_of_time
2101049-02,out_of_time
2101031-12,out_of_time
2101031-16,out_of_time
2110221-03,out_of_time
2101020-07,out_of_time
2102053-12,out_of_time
2101010-01,out_of_time
2101022-01,out_of_time
2101016-01,out_of_time
2102053-06,out_of_time
2101028-04,out_of_time
2101043-02,out_of_time
2101002-05,out_of_time
2101001-11,out_of_time
2101036-09,out_of_time
2106115-01,out_of_time
1101016-01,initially_quarantined
1103067-02,initially_quarantined
1110185-03,initially_quarantined
1101018-02,initially_quarantined
1115331-04,initially_quarantined
1114289-02,initially_quarantined
1113279-02,initially_quarantined
1116366-02,initially_quarantined
1117386-04,initially_quarantined
1101039-01,initially_quarantined
1116369-04,initially_quarantined
1111225-01,initially_quarantined
1115341-01,initially_quarantined
1110185-07,initially_quarantined
1115331-06,initially_quarantined
1110209-02,initially_quarantined
1110190-02,initially_quarantined
3102026-01,initially_quarantined
3104100-02,initially_quarantined
2901011-03,initially_quarantined
2901003-01,initially_quarantined
2901014-05,initially_quarantined
3001013-01,initially_quarantined
3001003-08,initially_quarantined
3004090-17,initially_quarantined
3001012-09,initially_quarantined
3001013-12,initially_quarantined
3001016-28,initially_quarantined
3201040-04,initially_quarantined
3201045-01,initially_quarantined
3203112-01,initially_quarantined
3201034-10,initially_quarantined
3201030-03,initially_quarantined
3203107-04,initially_quarantined
3201027-01,initially_quarantined
3213361-10,initially_quarantined
3211317-03,initially_quarantined
3203119-02,initially_quarantined
3203122-04,initially_quarantined
3201026-03,initially_quarantined
3204132-03,initially_quarantined
2308254-01,initially_quarantined
2307199-01,initially_quarantined
2301033-02,initially_quarantined
2307191-01,initially_quarantined
2307208-02,initially_quarantined
2502023-12,initially_quarantined
3402025-04,initially_quarantined
3404045-02,initially_quarantined
3406063-04,initially_quarantined
3406062-11,initially_quarantined
3301001-06,initially_quarantined
3301029-02,initially_quarantined
0301027-01,initially_quarantined
0302046-05,initially_quarantined
0304082-01,initially_quarantined
0301010-02,initially_quarantined
0302050-03,initially_quarantined
0306113-01,initially_quarantined
0303069-07,initially_quarantined
2701015-17,initially_quarantined
2701009-02,initially_quarantined
2701020-05,initially_quarantined
2701032-07,initially_quarantined
2701033-21,initially_quarantined
2701007-04,initially_quarantined
2701015-01,initially_quarantined
2701015-16,initially_quarantined
2701010-12,initially_quarantined
2701020-11,initially_quarantined
2703060-02,initially_quarantined
2701023-09,initially_quarantined
2701005-05,initially_quarantined
2701020-10,initially_quarantined
2705099-03,initially_quarantined
2701010-14,initially_quarantined
2701013-29,initially_quarantined
2701015-18,initially_quarantined
2701010-11,initially_quarantined
2701016-02,initially_quarantined
0802012-01,initially_quarantined
2801030-06,initially_quarantined
2801005-01,initially_quarantined
0202022-07,initially_quarantined
0203026-06,initially_quarantined
0202024-01,initially_quarantined
0202022-05,initially_quarantined
0201009-04,initially_quarantined
0203030-02,initially_quarantined
0201003-06,initially_quarantined
2601004-13,initially_quarantined
2601011-02,initially_quarantined
1001025-01,initially_quarantined
1007202-02,initially_quarantined
1008207-01,initially_quarantined
1004084-01,initially_quarantined
0915280-02,initially_quarantined
0901012-10,initially_quarantined
0913252-01,initially_quarantined
0911234-05,initially_quarantined
0908189-04,initially_quarantined
0910206-07,initially_quarantined
0913268-01,initially_quarantined
0901013-12,initially_quarantined
0907178-04,initially_quarantined
0905136-03,initially_quarantined
0910206-11,initially_quarantined
0911231-01,initially_quarantined
0903073-04,initially_quarantined
0905158-03,initially_quarantined
0911232-02,initially_quarantined
0905121-01,initially_quarantined
0903073-01,initially_quarantined
0101264-02,initially_quarantined
0101371-02,initially_quarantined
0101101-08,initially_quarantined
0101372-19,initially_quarantined
0101042-06,initially_quarantined
0101327-01,initially_quarantined
0101261-09,initially_quarantined
0101279-01,initially_quarantined
0101111-03,initially_quarantined
0101160-03,initially_quarantined
0101099-06,initially_quarantined
0101302-03,initially_quarantined
0101087-04,initially_quarantined
0101353-04,initially_quarantined
0104418-01,initially_quarantined
0101375-16,initially_quarantined
0101323-02,initially_quarantined
0101175-09,initially_quarantined
0101225-09,initially_quarantined
0101348-07,initially_quarantined
0101236-02,initially_quarantined
0104417-04,initially_quarantined
0101253-19,initially_quarantined
0101349-09,initially_quarantined
0101057-01,initially_quarantined
0101070-11,initially_quarantined
0101312-01,initially_quarantined
0101254-06,initially_quarantined
0101173-01,initially_quarantined
0114528-03,initially_quarantined
0101252-14,initially_quarantined
0101081-01,initially_quarantined
0101371-03,initially_quarantined
0101237-04,initially_quarantined
0101204-04,initially_quarantined
0101024-03,initially_quarantined
0101057-08,initially_quarantined
0101190-01,initially_quarantined
0101003-06,initially_quarantined
0104426-15,initially_quarantined
0104558-15,initially_quarantined
0101295-16,initially_quarantined
0101351-22,initially_quarantined
0101360-05,initially_quarantined
0101202-04,initially_quarantined
0101255-13,initially_quarantined
0101099-03,initially_quarantined
0104426-04,initially_quarantined
0101029-08,initially_quarantined
0101004-04,initially_quarantined
0104419-01,initially_quarantined
0111496-02,initially_quarantined
0101019-06,initially_quarantined
0614306-01,initially_quarantined
0609224-02,initially_quarantined
0608204-01,initially_quarantined
0622448-01,initially_quarantined
0616370-02,initially_quarantined
0609223-04,initially_quarantined
0606158-04,initially_quarantined
0608204-04,initially_quarantined
0622448-02,initially_quarantined
0606154-01,initially_quarantined
0602057-05,initially_quarantined
0608207-01,initially_quarantined
0605132-05,initially_quarantined
0618393-05,initially_quarantined
0601032-08,initially_quarantined
0603087-09,initially_quarantined
0601039-12,initially_quarantined
0615332-04,initially_quarantined
0612280-01,initially_quarantined
0601016-03,initially_quarantined
0623353-03,initially_quarantined
0622451-05,initially_quarantined
0603089-04,initially_quarantined
0608207-03,initially_quarantined
0602050-02,initially_quarantined
0612277-04,initially_quarantined
0601020-01,initially_quarantined
0607182-06,initially_quarantined
0603098-10,initially_quarantined
0616370-03,initially_quarantined
0611258-03,initially_quarantined
0623355-06,initially_quarantined
0601013-12,initially_quarantined
0608199-08,initially_quarantined
0608204-05,initially_quarantined
0612285-05,initially_quarantined
0608204-06,initially_quarantined
2001005-01,initially_quarantined
2001006-05,initially_quarantined
1506046-06,initially_quarantined
1507062-01,initially_quarantined
1505038-07,initially_quarantined
1501007-01,initially_quarantined
2107121-03,initially_quarantined
2110206-02,initially_quarantined
2101017-04,initially_quarantined
2101016-11,initially_quarantined
2110212-04,initially_quarantined
2107127-04,initially_quarantined
2101039-04,initially_quarantined
2101042-02,initially_quarantined
1901019-07,initially_quarantined
1905120-04,initially_quarantined
1901022-10,initially_quarantined
1608077-02,initially_quarantined
1601003-02,initially_quarantined
1602012-09,initially_quarantined
1602012-07,initially_quarantined
1603032-05,initially_quarantined
1606051-07,initially_quarantined
1608076-05,initially_quarantined
0701021-05,initially_quarantined
0701124-09,initially_quarantined
0702037-01,initially_quarantined
1306098-06,initially_quarantined
1301022-02,initially_quarantined
1307119-07,initially_quarantined
1303066-01,initially_quarantined
1302032-05,initially_quarantined
1307119-01,initially_quarantined
1307114-07,initially_quarantined
1301199-08,initially_quarantined
1311178-06,initially_quarantined
1310156-03,initially_quarantined
1305076-04,initially_quarantined
1301005-07,initially_quarantined
1310159-05,initially_quarantined
1301002-06,initially_quarantined
1302030-06,initially_quarantined
1311177-04,initially_quarantined
1305079-03,initially_quarantined
1301199-02,initially_quarantined
1311172-01,initially_quarantined
1302023-02,initially_quarantined
1307121-03,initially_quarantined
1409154-05,initially_quarantined
1409153-03,initially_quarantined
1401001-03,initially_quarantined
1403076-02,initially_quarantined
1401048-01,initially_quarantined
1401012-02,initially_quarantined
1402064-02,initially_quarantined
1402065-03,initially_quarantined
1406127-02,initially_quarantined
1401003-06,initially_quarantined
1401022-01,initially_quarantined
1408139-03,initially_quarantined
1211151-07,initially_quarantined
1217214-03,initially_quarantined
1209113-01,initially_quarantined
1205050-01,initially_quarantined
1212158-02,initially_quarantined
1212159-01,initially_quarantined
1209104-06,initially_quarantined
1204042-03,initially_quarantined
1210117-05,initially_quarantined
1204043-01,initially_quarantined
1208085-08,initially_quarantined
1209110-09,initially_quarantined
1203034-03,initially_quarantined
1810153-05,initially_quarantined
1810147-02,initially_quarantined
1807081-01,initially_quarantined
1813189-01,initially_quarantined
1801002-01,initially_quarantined
1807085-04,initially_quarantined
1702036-03,initially_quarantined
1707101-05,initially_quarantined
1722274-03,initially_quarantined
1715211-03,initially_quarantined
1713171-05,initially_quarantined
1707106-02,initially_quarantined
1708119-01,initially_quarantined
1704078-01,initially_quarantined
1705084-04,initially_quarantined
1702032-01,initially_quarantined
1710139-06,initially_quarantined
1702055-03,initially_quarantined
2201035-04,initially_quarantined
0501002-16,initially_quarantined
0505062-03,initially_quarantined
2402029-02,initially_quarantined
2407176-03,initially_quarantined
2409253-03,initially_quarantined
2407188-02,initially_quarantined
2404103-01,initially_quarantined
2402058-01,initially_quarantined
0409136-01,initially_quarantined
0406101-01,initially_quarantined
0107462-08,initially_quarantined
0505062-04,initially_quarantined
3406062-02,initially_quarantined
3301007-04,initially_quarantined
0101353-08,initially_quarantined
3201032-01,initially_quarantined
3015229-02,out_of_time
3001013-12,out_of_time
3001019-11,out_of_time
3001006-16,out_of_time
3001024-07,out_of_time
3002037-10,out_of_time
3001011-10,out_of_time
3001017-22,out_of_time
3001006-06,out_of_time
3001017-26,out_of_time
3002041-05,out_of_time
3004092-09,out_of_time
3015236-02,out_of_time
3001009-22,out_of_time
3002039-06,out_of_time
3001012-16,out_of_time
3001013-09,out_of_time
3001006-13,out_of_time
3014217-17,out_of_time
3001013-04,out_of_time
3001016-04,out_of_time
3002041-04,out_of_time
3001019-05,out_of_time
3004077-01,out_of_time
3001016-06,out_of_time
3001023-08,out_of_time
3001008-09,out_of_time
3001013-08,out_of_time
3001012-15,out_of_time
3002037-05,out_of_time
3001010-10,out_of_time
3001014-09,out_of_time
3001017-16,out_of_time
3001002-06,out_of_time
3001008-05,out_of_time
3015227-02,out_of_time
3001023-12,out_of_time
3001008-03,out_of_time
3001015-21,out_of_time
3001027-02,out_of_time
3001018-08,out_of_time
3001015-25,out_of_time
3001010-08,out_of_time
3001016-05,out_of_time
3001017-15,out_of_time
3001016-14,out_of_time
3001016-11,out_of_time
3001019-09,out_of_time
3001017-23,out_of_time
3001025-03,out_of_time
3014217-15,out_of_time
3001006-03,out_of_time